{
    "root_group": {
        "name": "",
        "path": "",
        "id": "d41d8cd98f00b204e9800998ecf8427e",
        "groups": {},
        "checks": {}
    },
    "metrics": {
        "data_sent": {
            "count": 36170644,
            "rate": 300624.9729671993
        },
        "iterations": {
            "count": 6183,
            "rate": 51.38875071884795
        },
        "mu_rate_limited": {
            "fails": 43281,
            "passes": 0,
            "value": 0
        },
        "mu_geocoding": {
            "p(99)": 6.612789800000006,
            "max": 13.335813,
            "min": 1.321097,
            "avg": 2.615042659226908,
            "med": 2.435721,
            "p(90)": 3.5034936000000005,
            "p(95)": 3.9759025999999977
        },
        "http_reqs": {
            "count": 43341,
            "rate": 360.2199328652093
        },
        "http_req_connecting": {
            "min": 0,
            "avg": 0.00018502925636233587,
            "med": 0,
            "p(90)": 0,
            "p(95)": 0,
            "p(99)": 0,
            "max": 0.215894
        },
        "http_req_failed": {
            "passes": 0,
            "fails": 43341,
            "thresholds": {
                "rate<0.05": false
            },
            "value": 0
        },
        "mu_nearby": {
            "avg": 6.145246626880163,
            "med": 5.341701,
            "p(90)": 9.982019000000005,
            "p(95)": 13.780033900000001,
            "p(99)": 15.46231796,
            "max": 19.399359,
            "min": 2.830555
        },
        "http_req_tls_handshaking": {
            "min": 0,
            "avg": 0,
            "med": 0,
            "p(90)": 0,
            "p(95)": 0,
            "p(99)": 0,
            "max": 0
        },
        "mu_notifications": {
            "avg": 2.7323241793627813,
            "med": 2.572574,
            "p(90)": 3.5293536000000003,
            "p(95)": 4.058736099999999,
            "p(99)": 5.68333078,
            "max": 14.496169,
            "min": 1.412687
        },
        "mu_analytics": {
            "avg": 2.517313483907486,
            "med": 2.327296,
            "p(90)": 3.3184702,
            "p(95)": 3.799855699999998,
            "p(99)": 7.094442440000011,
            "max": 10.788134,
            "min": 1.327574
        },
        "mu_moderation": {
            "min": 1.423067,
            "avg": 2.7324854526928757,
            "med": 2.567841,
            "p(90)": 3.5124404,
            "p(95)": 3.9722810999999982,
            "p(99)": 6.818941740000004,
            "max": 10.790086
        },
        "http_req_duration": {
            "p(90)": 5.226093,
            "p(95)": 6.231424,
            "p(99)": 13.599909999999998,
            "max": 66.069961,
            "min": 1.321097,
            "avg": 3.2784484777692966,
            "med": 2.626344
        },
        "http_req_receiving": {
            "p(90)": 0.201603,
            "p(95)": 0.319265,
            "p(99)": 0.6548241999999993,
            "max": 5.959175,
            "min": 0.005277,
            "avg": 0.08642310915761031,
            "med": 0.036292
        },
        "mu_profile": {
            "max": 40.916633,
            "min": 1.448512,
            "avg": 2.9939618935791694,
            "med": 2.582135,
            "p(90)": 3.9342856000000004,
            "p(95)": 5.997886499999992,
            "p(99)": 11.129993560000006
        },
        "mu_req_fail": {
            "passes": 0,
            "fails": 43281,
            "value": 0
        },
        "mu_gamification": {
            "min": 1.330636,
            "avg": 2.6969823977033793,
            "med": 2.479454,
            "p(90)": 3.4345576,
            "p(95)": 4.0072312,
            "p(99)": 6.399019200000007,
            "max": 29.133899
        },
        "http_req_blocked": {
            "p(90)": 0.003746,
            "p(95)": 0.004274,
            "p(99)": 0.006372999999999992,
            "max": 1.872992,
            "min": 0.000465,
            "avg": 0.003373900394545598,
            "med": 0.002737
        },
        "vus_max": {
            "value": 60,
            "min": 60,
            "max": 60
        },
        "http_req_duration{expected_response:true}": {
            "min": 1.321097,
            "avg": 3.2784484777692966,
            "med": 2.626344,
            "p(90)": 5.226093,
            "p(95)": 6.231424,
            "p(99)": 13.599909999999998,
            "max": 66.069961
        },
        "data_received": {
            "count": 24226222,
            "rate": 201351.33158943395
        },
        "http_req_sending": {
            "max": 3.017565,
            "min": 0.001566,
            "avg": 0.009469004637641084,
            "med": 0.007895,
            "p(90)": 0.010145,
            "p(95)": 0.012438,
            "p(99)": 0.03760619999999997
        },
        "vus": {
            "value": 4,
            "min": 3,
            "max": 60
        },
        "http_req_waiting": {
            "p(90)": 5.133795,
            "p(95)": 6.136178,
            "p(99)": 13.543621999999985,
            "max": 65.882007,
            "min": 1.255077,
            "avg": 3.182556363974062,
            "med": 2.529103
        },
        "iteration_duration": {
            "p(90)": 1029.7260198,
            "p(95)": 1032.1316782,
            "p(99)": 1060.7443632000004,
            "max": 1088.164808,
            "min": 1013.204203,
            "avg": 1023.8525107763263,
            "med": 1022.534056
        }
    }
}