{
    "metrics": {
        "vus": {
            "value": 1,
            "min": 1,
            "max": 60
        },
        "http_req_duration": {
            "p(90)": 4.815702700000001,
            "p(95)": 5.788617799999996,
            "p(99)": 8.914655659999987,
            "max": 58.842498,
            "min": 1.150698,
            "avg": 2.957487848591185,
            "med": 2.4264305
        },
        "http_req_tls_handshaking": {
            "max": 0,
            "min": 0,
            "avg": 0,
            "med": 0,
            "p(90)": 0,
            "p(95)": 0,
            "p(99)": 0
        },
        "mu_rate_limited": {
            "passes": 0,
            "fails": 176680,
            "value": 0
        },
        "http_req_duration{expected_response:true}": {
            "min": 1.150698,
            "avg": 2.957487848591185,
            "med": 2.4264305,
            "p(90)": 4.815702700000001,
            "p(95)": 5.788617799999996,
            "p(99)": 8.914655659999987,
            "max": 58.842498
        },
        "http_req_sending": {
            "p(95)": 0.011058,
            "p(99)": 0.03547221999999997,
            "max": 5.390217,
            "min": 0.001619,
            "avg": 0.008869890290822571,
            "med": 0.007515,
            "p(90)": 0.009858
        },
        "mu_profile": {
            "avg": 2.6545217651347053,
            "med": 2.2673405,
            "p(90)": 4.045399000000001,
            "p(95)": 5.1208656,
            "p(99)": 7.604336200000002,
            "max": 17.288509,
            "min": 1.307651
        },
        "http_reqs": {
            "count": 176740,
            "rate": 1181.660986179386
        },
        "http_req_waiting": {
            "p(90)": 4.6920615,
            "p(95)": 5.653172499999998,
            "p(99)": 8.730361539999999,
            "max": 58.798779,
            "min": 1.11475,
            "avg": 2.860299416187566,
            "med": 2.327934
        },
        "iteration_duration": {
            "avg": 321.47048027258165,
            "med": 320.37449300000003,
            "p(90)": 329.4856708,
            "p(95)": 332.43980945,
            "p(99)": 340.94920626000004,
            "max": 385.011416,
            "min": 311.801516
        },
        "mu_moderation": {
            "min": 1.274568,
            "avg": 2.5800852302694057,
            "med": 2.2886715,
            "p(90)": 3.792911600000001,
            "p(95)": 4.474540899999999,
            "p(99)": 6.695667860000012,
            "max": 27.054812
        },
        "data_received": {
            "count": 98520264,
            "rate": 658693.8571737778
        },
        "mu_analytics": {
            "p(95)": 4.369121399999999,
            "p(99)": 6.833156160000011,
            "max": 58.839116,
            "min": 1.27984,
            "avg": 2.5316451787638834,
            "med": 2.191637,
            "p(90)": 3.683375100000003
        },
        "http_req_blocked": {
            "med": 0.002574,
            "p(90)": 0.003573,
            "p(95)": 0.00401,
            "p(99)": 0.005383,
            "max": 2.168647,
            "min": 0.000405,
            "avg": 0.002872983450265967
        },
        "mu_gamification": {
            "med": 2.215491,
            "p(90)": 3.836494600000001,
            "p(95)": 4.650936299999999,
            "p(99)": 7.257776330000004,
            "max": 57.17115,
            "min": 1.247823,
            "avg": 2.595012989064963
        },
        "iterations": {
            "count": 25240,
            "rate": 168.75140483856347
        },
        "data_sent": {
            "rate": 986925.207931596,
            "count": 147613540
        },
        "mu_geocoding": {
            "p(90)": 3.836981400000002,
            "p(95)": 4.604023349999999,
            "p(99)": 6.8043505400000015,
            "max": 36.101473,
            "min": 1.150698,
            "avg": 2.5230400045958845,
            "med": 2.2087565
        },
        "http_req_connecting": {
            "med": 0,
            "p(90)": 0,
            "p(95)": 0,
            "p(99)": 0,
            "max": 0.544236,
            "min": 0,
            "avg": 0.000044509414959827984
        },
        "mu_req_fail": {
            "fails": 176680,
            "passes": 0,
            "value": 0
        },
        "mu_notifications": {
            "p(90)": 3.8824181,
            "p(95)": 4.6189103,
            "p(99)": 6.836679150000002,
            "max": 15.587488,
            "min": 1.302534,
            "avg": 2.619253224722646,
            "med": 2.3206785
        },
        "http_req_failed": {
            "passes": 0,
            "fails": 176740,
            "thresholds": {
                "rate<0.05": false
            },
            "value": 0
        },
        "vus_max": {
            "value": 60,
            "min": 60,
            "max": 60
        },
        "http_req_receiving": {
            "p(90)": 0.19136920000000002,
            "p(95)": 0.30451524999999974,
            "p(99)": 0.6930242599999992,
            "max": 14.891449,
            "min": 0.0053,
            "avg": 0.08831854211270752,
            "med": 0.045637
        },
        "mu_nearby": {
            "p(95)": 8.76819955,
            "p(99)": 14.275802820000003,
            "max": 32.792984,
            "min": 2.500424,
            "avg": 5.079518385618041,
            "med": 4.603982,
            "p(90)": 6.949910000000001
        }
    },
    "root_group": {
        "name": "",
        "path": "",
        "id": "d41d8cd98f00b204e9800998ecf8427e",
        "groups": {},
        "checks": {}
    }
}