{
    "metrics": {
        "data_received": {
            "count": 16169527,
            "rate": 134257.28882757045
        },
        "mu_notifications": {
            "max": 13.634666,
            "min": 1.471025,
            "avg": 2.7013339420886773,
            "med": 2.601615,
            "p(90)": 3.3987941999999998,
            "p(95)": 3.7671864,
            "p(99)": 5.334456939999995
        },
        "http_req_waiting": {
            "min": 0,
            "avg": 3.2366287839192664,
            "med": 2.554018,
            "p(90)": 5.3909208,
            "p(95)": 6.529098599999993,
            "p(99)": 13.806556160000014,
            "max": 65.513201
        },
        "http_req_blocked": {
            "med": 0.002693,
            "p(90)": 0.003719,
            "p(95)": 0.004264599999999999,
            "p(99)": 0.006622160000000004,
            "max": 0.770495,
            "min": 0.000502,
            "avg": 0.0033352833143212475
        },
        "http_reqs": {
            "rate": 240.20053947730105,
            "count": 28929
        },
        "iteration_duration": {
            "p(95)": 1032.9499176000002,
            "p(99)": 1042.2738545,
            "max": 1083.871837,
            "min": 1012.161522,
            "avg": 1024.2870781337526,
            "med": 1022.941558,
            "p(90)": 1030.6002349999999
        },
        "data_sent": {
            "rate": 200443.68437272235,
            "count": 24140809
        },
        "mu_rate_limited": {
            "fails": 28889,
            "passes": 0,
            "value": 0
        },
        "mu_moderation": {
            "avg": 2.786560330506414,
            "med": 2.597228,
            "p(90)": 3.5262162,
            "p(95)": 4.106687799999997,
            "p(99)": 8.28290767999999,
            "max": 16.448015,
            "min": 1.411001
        },
        "http_req_duration{expected_response:true}": {
            "p(95)": 6.642167,
            "p(99)": 13.87816996000001,
            "max": 65.642222,
            "min": 0.228979,
            "avg": 3.332763613985969,
            "med": 2.653029,
            "p(90)": 5.480712200000001
        },
        "http_req_sending": {
            "p(90)": 0.0101872,
            "p(95)": 0.012896599999999992,
            "p(99)": 0.037956840000000026,
            "max": 3.587432,
            "min": 0.001787,
            "avg": 0.009314835632064694,
            "med": 0.007828
        },
        "http_req_tls_handshaking": {
            "min": 0,
            "avg": 0,
            "med": 0,
            "p(90)": 0,
            "p(95)": 0,
            "p(99)": 0,
            "max": 0
        },
        "mu_geocoding": {
            "med": 2.416186,
            "p(90)": 3.5294714,
            "p(95)": 4.078024399999999,
            "p(99)": 8.677574259999997,
            "max": 13.469369,
            "min": 1.264598,
            "avg": 2.653320198691541
        },
        "mu_nearby": {
            "avg": 6.30088426290285,
            "med": 5.538161,
            "p(90)": 9.724272200000014,
            "p(95)": 14.1395673,
            "p(99)": 15.628670599999994,
            "max": 19.711757,
            "min": 2.665165
        },
        "mu_analytics": {
            "max": 13.323098,
            "min": 1.393627,
            "avg": 2.5174413925369556,
            "med": 2.35758,
            "p(90)": 3.2808452000000004,
            "p(95)": 3.7034741999999987,
            "p(99)": 6.639587899999943
        },
        "http_req_receiving": {
            "avg": 0.08681999443465026,
            "med": 0.036284,
            "p(90)": 0.20364160000000003,
            "p(95)": 0.32685859999999967,
            "p(99)": 0.6697301600000012,
            "max": 7.590387,
            "min": 0.006778
        },
        "http_req_duration": {
            "min": 0.228979,
            "avg": 3.332763613985969,
            "med": 2.653029,
            "p(90)": 5.480712200000001,
            "p(95)": 6.642167,
            "p(99)": 13.87816996000001,
            "max": 65.642222
        },
        "mu_gamification": {
            "p(90)": 3.2695486000000002,
            "p(95)": 3.5753083999999995,
            "p(99)": 4.69788362,
            "max": 11.409088,
            "min": 1.354753,
            "avg": 2.559217236733699,
            "med": 2.46556
        },
        "mu_profile": {
            "p(90)": 4.970082800000002,
            "p(95)": 7.9961845999999985,
            "p(99)": 12.317437719999992,
            "max": 13.526073,
            "min": 1.436418,
            "avg": 3.311353792343104,
            "med": 2.71336
        },
        "iterations": {
            "count": 4127,
            "rate": 34.26691646523632
        },
        "http_req_failed": {
            "passes": 0,
            "fails": 28929,
            "thresholds": {
                "rate<0.05": false
            },
            "value": 0
        },
        "mu_req_fail": {
            "fails": 28889,
            "passes": 0,
            "value": 0
        },
        "vus_max": {
            "value": 40,
            "min": 40,
            "max": 40
        },
        "http_req_connecting": {
            "avg": 0.00018645666977773172,
            "med": 0,
            "p(90)": 0,
            "p(95)": 0,
            "p(99)": 0,
            "max": 0.265101,
            "min": 0
        },
        "vus": {
            "max": 40,
            "value": 2,
            "min": 2
        }
    },
    "root_group": {
        "name": "",
        "path": "",
        "id": "d41d8cd98f00b204e9800998ecf8427e",
        "groups": {},
        "checks": {}
    }
}