{
    "root_group": {
        "groups": {},
        "checks": {},
        "name": "",
        "path": "",
        "id": "d41d8cd98f00b204e9800998ecf8427e"
    },
    "metrics": {
        "mu_gamification": {
            "min": 0.062667,
            "avg": 2.0980075422501243,
            "med": 2.016853,
            "p(90)": 2.597456,
            "p(95)": 2.8108595000000003,
            "p(99)": 3.344661500000004,
            "max": 12.956263
        },
        "mu_nearby": {
            "p(95)": 8.243050499999999,
            "p(99)": 15.51062160000002,
            "max": 26.298087,
            "min": 2.752472,
            "avg": 5.080830193143404,
            "med": 4.531863,
            "p(90)": 6.315912
        },
        "http_req_connecting": {
            "p(95)": 0,
            "p(99)": 0,
            "max": 0.271284,
            "min": 0,
            "avg": 0.00018601033271337054,
            "med": 0,
            "p(90)": 0
        },
        "http_req_receiving": {
            "avg": 0.06904782434387241,
            "med": 0.047361,
            "p(90)": 0.11969819999999988,
            "p(95)": 0.19981059999999978,
            "p(99)": 0.4130882000000002,
            "max": 6.723438,
            "min": 0.006877
        },
        "mu_moderation": {
            "min": 1.436005,
            "avg": 2.2031118507967133,
            "med": 2.085541,
            "p(90)": 2.749371,
            "p(95)": 2.991057,
            "p(99)": 3.9185200000000022,
            "max": 12.595916
        },
        "mu_req_fail": {
            "fails": 14497,
            "passes": 0,
            "value": 0
        },
        "mu_rate_limited": {
            "passes": 0,
            "fails": 14497,
            "value": 0
        },
        "iteration_duration": {
            "p(99)": 1044.1806506000028,
            "max": 1081.988066,
            "min": 1013.164278,
            "avg": 1020.001455446162,
            "med": 1018.916391,
            "p(90)": 1025.416363,
            "p(95)": 1029.7230255
        },
        "mu_notifications": {
            "max": 12.591245,
            "min": 1.375746,
            "avg": 2.197607377112505,
            "med": 2.083408,
            "p(90)": 2.712698,
            "p(95)": 2.891793,
            "p(99)": 3.7428630000000003
        },
        "data_sent": {
            "count": 12110876,
            "rate": 100730.07296928343
        },
        "mu_geocoding": {
            "min": 1.292751,
            "avg": 1.9750813254466435,
            "med": 1.778251,
            "p(90)": 2.55188,
            "p(95)": 2.8209795,
            "p(99)": 3.6820567000000035,
            "max": 9.974878
        },
        "http_req_duration{expected_response:true}": {
            "p(95)": 5.305660799999999,
            "p(99)": 12.046301040000005,
            "max": 55.849026,
            "min": 0.059244,
            "avg": 2.7139484967968635,
            "med": 2.165329,
            "p(90)": 4.187045599999999
        },
        "http_req_duration": {
            "p(90)": 4.187045599999999,
            "p(95)": 5.305660799999999,
            "p(99)": 12.046301040000005,
            "max": 55.849026,
            "min": 0.059244,
            "avg": 2.7139484967968635,
            "med": 2.165329
        },
        "http_req_blocked": {
            "min": 0.000557,
            "avg": 0.0029673537921057957,
            "med": 0.002345,
            "p(90)": 0.003454,
            "p(95)": 0.004145199999999999,
            "p(99)": 0.006568880000000001,
            "max": 0.597037
        },
        "mu_analytics": {
            "max": 10.269538,
            "min": 1.421775,
            "avg": 2.199435879285373,
            "med": 2.100945,
            "p(90)": 2.705665,
            "p(95)": 2.9401824999999997,
            "p(99)": 3.6308571000000054
        },
        "vus": {
            "value": 1,
            "min": 1,
            "max": 20
        },
        "iterations": {
            "count": 2071,
            "rate": 17.2251768674195
        },
        "data_received": {
            "count": 8114620,
            "rate": 67491.91922351503
        },
        "vus_max": {
            "value": 20,
            "min": 20,
            "max": 20
        },
        "mu_profile": {
            "p(95)": 5.1892305,
            "p(99)": 12.298028200000006,
            "max": 13.717877,
            "min": 0.059244,
            "avg": 2.7599362042491538,
            "med": 2.311664,
            "p(90)": 3.691281
        },
        "http_req_failed": {
            "passes": 0,
            "fails": 14517,
            "thresholds": {
                "rate<0.05": false
            },
            "value": 0
        },
        "http_reqs": {
            "count": 14517,
            "rate": 120.74258454096034
        },
        "http_req_waiting": {
            "max": 55.59014,
            "min": 0,
            "avg": 2.6364410863814753,
            "med": 2.091573,
            "p(90)": 4.106147399999999,
            "p(95)": 5.236756999999998,
            "p(99)": 11.909269920000034
        },
        "http_req_sending": {
            "min": 0.001849,
            "avg": 0.008459586071502387,
            "med": 0.006925,
            "p(90)": 0.009756,
            "p(95)": 0.01383159999999999,
            "p(99)": 0.03476788,
            "max": 0.989127
        },
        "http_req_tls_handshaking": {
            "min": 0,
            "avg": 0,
            "med": 0,
            "p(90)": 0,
            "p(95)": 0,
            "p(99)": 0,
            "max": 0
        }
    }
}